Text,Label
"ini salah satu alasan kenapa pratama arhan langsung ceraikan zize,karena arhan tahu dia sudah selingkuh dengan si nadhif? ğŸ˜¡",kecewa
dari anya ke anyirğŸ˜­,benci
Ini satria mahathir versi cewek ya ?,kecewa
Umur baru 20 an tapi kasusnya udah banyak bangetğŸ˜‚,kecewa
dari anya ke anyingğŸ˜­ğŸ™ğŸ»,benci
"Gaes yuk balikin followers nurul ke semula yg ratusan ribu itu! Followers dia sekarang 4,9JT itu karna nikah sama arhan! Kalo ga nikah sam arhan juga gak bakal bisa masuk circle nagita",kecewa
Pdhal lebih mantep Anya Geraldine daripada sinurul,benci
CANCEL CULTURE,benci
dia tuh kayak mau milikin semua laki gitu,kecewa
dari anya ke anyeng anyengan,benci
jir dari anya ke zize jauh banget anjr dr wanita mahal ke ahsudahlah,benci
demikianlah kelakuan anak pejabat,kecewa
Pentingnya memberi uang kehidupan yg halalğŸ˜‚,kecewa
semua cowo orang di embat zize anjjğŸ˜­,benci
"gaperna semuak ini anjir sama ni ceweee, banyak bgt masalahnya",benci
yg bikin netizen goreng sebenernya dia sendiri lho yng mancingÂ²,kecewa
Pengen cepet2 cerai biar pas ultah bisa posting cwok barunya ğŸ˜‚ğŸ˜‚,benci
Mantan Awkarin âœ… Mantan Rachel Vennya âœ… Mantan Anya Geraldine âœ… Semua mantannya selebgram top dipungut sama anak abi,benci
from anya to anyingğŸ˜­,benci
"sama mantan suaminya yg baru cere kmrn, gapernah foto semesra dan se brutal ituu",kecewa
yakali anya diselingkuhin sama batako jir,benci
"liat bapaknya cari uang halal atau engga itu gampang, liat aja kelakuan anaknya",kecewa
masa iddah aja blm beres kan? gokil emng anak lu ndre ğŸ¤£ğŸ¤£,kecewa
Dia berhenti kalo kena penyakit,benci
Keluarga agamis tapi masa idah gak ngerti,marah
dari anya ke nurul anjrğŸ˜­ğŸ™,benci
bapaknya perlu di pertanyakan si kasih makan dia pake duit ape,marah
"Hanya jeda seminggu loh,,
Ya Allah jauhkan anak keturunan hamba dari sifat sperti ini",kecewa
dia pikir cere sama kaya putus kali ye,kecewa
Buna : kannnnnğŸ¤­,kecewa
ihiiiwwww buna makiin terbahaaak liat ini ğŸ˜‚ğŸ”¥,senang
DHIF DARI SEORANG ANYA? ANYAAA LOHH ğŸ˜­,kecewa
DOWNGRADE BGT DEMI ALLAH??? ğŸ˜­ğŸ˜­ğŸ˜­ SHOCCCKKK,sedih
zize : apa itu masa Iddah?,kecewa
"Zize itu masih suka main , masih menikmati kehidupan nya sendiri , belum siap untuk menikah sebenarnya apa lg nikah bukan sama org yg dia bnerâ€ mau",senang
plis kenapa searchingannya nadhif basalamahğŸ˜­ğŸ˜­ğŸ˜­,kecewa
zize ga gitu ğŸ™ğŸ»ğŸ™ğŸ»ğŸ˜­,kecewa
"zize zize, NURUL OII",kecewa
bapak zize ini kerja apa sih guys kok dia petatang-peteteng banget,kecewa
zize typenya yang brewok dari mantan rachel juga gitu wkwk,kecewa
"Bentar, dari anya putus baru berapa lama ya sebelum sama zize? Kalau zize nya emg cepet bgt sih buset",marah
kurasa zize hidup di dunia ini cuma mauu bikin kasus aja dehğŸ˜­ğŸ˜­ğŸ˜‚,kecewa
banyak tingkah emg zize,kecewa
lagian ortunya zize anak masih mas penjajahan dsruh nikah akibat nya gini nikah berasa pacaran putus cerai ganti cwo lahiğŸ˜­,marah
yatuhan gue heran bgt ujungny zize selingkuh nikah buat apa ğŸ˜­,marah
"dari arhan ke nadifğŸ˜­, dari anya ke zize..omgg ğŸ˜­ğŸ˜­",kecewa
"dari awal emng ga cocok co si arhan sama zize, arhan cocoknya sama spek yali2 asli.",kecewa
"si nadhiff jg dari anya ke nurul hellowww, di kasih chocochip ya??",benci
Zize sasimo ya?,senang
Bisa bisanya selara dia turun ke si zizeğŸ¤£ğŸ¤£,senang
"buset, dari seorang anya geraldine jadi...",kecewa
Zize sifat lu sma bnget ma mantan gw jir blm jg sebulan udh living together mereka,benci
GK espek dr Anya ke zize ğŸ˜‚,kecewa
nadhif kok mau dari anya ke chococips jir,benci
"Sing eling mas nadhif, mantanmu anya geraldine lhoğŸ˜­",marah
"kmren pas main sm temen, muncul di fyp zize sm nadhif. gue smpe lupa kalo cewe itu ada masa iddah nyağŸ˜­ sampe2 gue nanya sm temen gue yg punya pondok pesantren, iddah itu untuk yg cerai mati aja ya? GONG BGT EMG AJIJAHğŸ¥°ğŸ¥°",sedih
langsung keinget Anya di podcast bang densu ğŸ˜‚,senang
ketemuin dia sama satria mahathir plsğŸ˜¢,marah
lhah kok sepi,kecewa
ngeliat nadhif lgsng kek tung tung sahurğŸ™ğŸ™ğŸ˜­,senang
dr anya ke jendes inii gpp tu laki?,benci
masa idah pun blm slesai,kecewa
PESONAA PIALAAA BERGILIRRRğŸ”¥ğŸ”¥ğŸ”¥,senang
heh azizah dalam masa jadi jendes ada yang namanya masa idahğŸ˜¡,marah
"Padahal dia B aja, kok laris manis ya. Personality nya atau gimana yg cowo liatğŸ˜­",marah
Terjun bebas banget seleranyağŸ¤£,kecewa
"ini sii ninggalin berlian demi baru krikil, ğŸ˜­ğŸ˜­",benci
"iyaa benerr, booming pas nikah sm arhab",kecewa
alhamdulillah emg ga pernah minat follow,senang
bner kakğŸ˜­,senang
Sama..ğŸ¤£,senang
skrng udh 3jt,kecewa
"Itu mah tiktok, IG nya 4,9jt",kecewa
200rb mi gre biasa,kecewa
aq udh unfoll,senang
"Aku Follow dia karena dulu pcrn sama Abi . Sabian Tama mantan awkarin, anak menteri..",kecewa
"udh turun tu jd 3,3 jt",kecewa
"IG nya 4,9jt",kecewa
udh tak blokir ğŸ˜­,marah
aku udah unfol pas arhan ngumumin cere,kecewa
Kaya nya bisa dipake si anya kan elegan parah ğŸ¥°,kecewa
maksud??,marah
Maksd kakaknya kayaknya si Z ini bisa dipake . Sedangkan Anya engga karna dia elegan parahhhh,kecewa
Sarkas ğŸ˜Œ,kecewa
biasakan pake tanda baca kak,kecewa
relateğŸ˜­ğŸ˜‚,kecewa
"ka jgn sembarang komen, ngeri terciduk sm abinya ğŸ—¿ğŸ¥º",senang
kak dimana2 selingkuhan gk ada yg lebih dari pasangan aslinya contohnya ini dari anya malah ke nurul yg nemplok sana siniğŸ¤£,kecewa
krna si nurul mauan maka dipilih kayanya hehehe,senang
JAUH KAK,kecewa
nurul kemurahan kak diskon dia,kecewa
jauh,kecewa
goyanganya lebih mantab nurull,kecewa
Wah jauh bukan perbandingan sebenernyaa,kecewa
,kecewa
si nurul muka nya B ajağŸ˜„ğŸ˜„,kecewa
hmmm jangan bawa bawa nama,kecewa
anya terselamatkan,senang
jelas lah kak,senang
iya pada turun semua wkwk,kecewa
keliatan gampangan bgt lagiğŸ˜­,kecewa
namanya juga barges kakğŸ¤­,kecewa
UpssiiiiğŸ¤£,kecewa
yaa emg kakkkğŸ¤­,kecewa
ğŸ˜­,kecewa
priiiiittttt priiiiittttt ğŸ—¿ğŸ¤£,kecewa
jendes problematik kakğŸ˜­ğŸ¤£,benci
Dan gokilnya lg umi dan abi nya selalu menutup matağŸ˜‚,kecewa
ğŸ˜‚ğŸ˜‚ğŸ˜‚ğŸ˜‚ğŸ˜‚ğŸ˜‚,kecewa
jujur Kta aku mh dia dri Muka nya kalau mekup kya umur 30,kecewa
niatnya jadi busui untuk laki laki kak ğŸ™ğŸ˜­,benci
Bntr lg ayat apenih yg dikeluarin uminya ğŸ¤£,kecewa
Wkwkkw ngakak bgtğŸ˜­ğŸ˜‚,senang
Kasayangan abi umi dibela terus mah ğŸ¤£,kecewa
heran kak ko masih ada yg ngefans sama anak ini,kecewa
Ets jgn salah gitu2 dia nungguin rachel venya hancur ğŸ˜­ğŸ¤£,sedih
Ketolang ortu kaya ajağŸ¥²,kecewa
umur 20 tapi muka 30 jirğŸ¤£,kecewa
"hargain kak,soalnya itu prestasi bagi si nurulğŸ˜‚",kecewa
Lumayan buat di CV kakğŸ˜­,kecewa
kayanya iya deh kak wkwkskkwk,senang
Wkwkwk bangga lg dia,senang
Jiji bgt kakğŸ˜­,benci
gampangan ya kaak,kecewa
namanya juga toilet umumğŸ—¿,benci
ğŸ¤«ğŸ¤«,kecewa
tau bgt kamu ihğŸ˜­,kecewa
kakkk hahahaağŸ˜­,kecewa
blm diruqiyah dia kak makanya kegantelan,marah
yes grilsğŸ˜˜ğŸ’…ğŸ»,kecewa
@a ğŸ¤£ğŸ¤£,kecewa
bener lagi wkwk,senang
iya ya ğŸ¥² miris bgtt sm si nurul,kecewa
ini Nurul mahir kakğŸ¤£,kecewa
hati hati nanti dilaporkanğŸ˜‚,senang
"Wkwk aku kan nanya, ini versi cewenya bkn ? Kalo ga ngrasa yaudah ğŸ¤£",kecewa
yoii,kecewa
amit amitğŸ˜­,kecewa
Vicky Prasetyo,kecewa
yoii,kecewa
haha kakğŸ˜­,sedih
kaağŸ˜­ğŸ¤£ğŸ¤£ğŸ¤£ğŸ¤£ğŸ¤£ğŸ¤£ğŸ¤£ğŸ¤£,kecewa
ğŸ˜­,kecewa
ğŸ˜­ğŸ¤£,kecewa
"kakğŸ˜­
gue ngakak banget",kecewa
bisa bisanya kepikiran kata2 gitu kakğŸ˜­,kecewa
hahahahahahha @biblee,kecewa
@nind ğŸ˜­,kecewa
ğŸ˜­,kecewa
HAHAHAHAH,kecewa
hahahahah @Yuni Khaerunnisa Arta,kecewa
HAHAHAHHAHAHHHAHAHA,kecewa
@jihan ğŸ¤£,kecewa
ğŸ˜”ğŸ¤£,kecewa
Wkwkwkw ğŸ˜‚ @Noviwanda,kecewa
WKWKWKWKWKKW,kecewa
KakğŸ˜­ğŸ¤£ğŸ¤£,kecewa
wkawkakwğŸ˜­ğŸ˜­ğŸ˜­,kecewa
KAK? HAHAHAğŸ˜­ğŸ˜­ğŸ˜­,sedih
woilah ngakak bgtğŸ¤£ğŸ¤£,kecewa
grget bgt kak sumpah kasian arhanğŸ˜­,kecewa
@gurugen_z,kecewa
ğŸ¤£ğŸ¤£ğŸ¤£,kecewa
ğŸ¤£ğŸ¤£,kecewa
Anying sih bukan anyir,kecewa
anyep kaya mkanan malahanğŸ¤£ğŸ¤£ğŸ¤£,kecewa
ğŸ¤£ğŸ¤£ğŸ¤£ğŸ¤£,kecewa
ğŸ˜‚,kecewa
@harwindwilestari ğŸ˜‚ğŸ™ğŸ»,kecewa
hahaha najongggğŸ˜­,sedih
anyir tu amis bau darah gituloğŸ˜­,kecewa
Kakk ngakak,kecewa
Anyep ka,kecewa
Anyir bau kematian kkkğŸ˜­masa gk tau,kecewa
KAK?ğŸ˜­ğŸ˜­ğŸ˜­ğŸ˜­,kecewa
Bau amis ya kakğŸ˜‚,kecewa
anyir bgtğŸ˜­,kecewa
anyir bgt nihğŸ˜­ğŸ˜­,kecewa
ğŸ˜­ğŸ¤£ğŸ¤£@kompaz,kecewa
km dah anyirğŸ¤£,kecewa
@Ndaaa @ftrnnaaa ğŸ˜­,kecewa
HusğŸ˜­,kecewa
GAKUATTTTğŸ˜­ğŸ˜­ğŸ˜­ğŸ˜­ğŸ˜­,kecewa
@Cancanndaa ğŸ˜‚,kecewa
Anak umi gaes,kecewa
ka? PRETT,kecewa
bntr lg umi bikin storyğŸ˜‹,kecewa
anak umi yang solehahhhhh kak,kecewa
"kak? awas dicariin hadis yg pas dibikin story, nnti arhan lg kena",kecewa
masih nyari hadist,kecewa
story hadisğŸ˜­ğŸ˜­,kecewa
Takutnyee,kecewa
nama ig uminya apa ka?,kecewa
Duitnya panas kak ğŸ˜,kecewa
yap begitulah ğŸ¤£,kecewa
"ngga semua sih kak, banyak anak. pejabat yg anteng kok dan banyak prestasinya",kecewa
yang mana,kecewa
Coba aja kalo bapaknya bukan pejabat ya kak,kecewa
di kasih makan uang haram ya kelakuannya gituuuu,kecewa
Bnyk mkan duit haram jd begini yağŸ¤£,kecewa
kelakuan anak di kasih makan uang haram,kecewa
@andre_rosiade,kecewa
"Bukan lagi mancing, nantang malahğŸ¤£ğŸ¤£ğŸ¤£",kecewa
"cowoknya juga agak Laen, mau2 nya sama istri orang ğŸ˜…",kecewa
"Kayak gak ada yg lain aja, padahal mantannya anya geraldine, gak malu sm mantan ğŸ˜­ğŸ˜­",kecewa
berarti dua2nya ga tau malu ğŸ˜‚ğŸ˜‚,kecewa
Oh gitu ya kağŸ¤£,kecewa
tnggu giliran yg lain ajaa,kecewa
kaga takut hiv apa ya wkwkwk,kecewa
hyperrrğŸ˜‚,kecewa
mau nyobain macam macam icibos dia,kecewa
cwo nya juga mau kakğŸ¤£,kecewa
mana iya lagi,kecewa
Dia keknya tipe gampanh di porotin ges karena kecintaanğŸ¤£,kecewa
"nah ini ni mkst ku dr smua komen, kek tuh cwe gampang di manfaatin",kecewa
"kn dia haus laki""kak ğŸ˜",kecewa
nah bener sekali pemirsa,kecewa
fakta!!,kecewa
btul hha,kecewa
"eh bener bgt iniiii, soalnya makanan yg masuk ke tubuh dengan cara gak halal bisa berpengaruh sama tingkah perilaku seseorang",kecewa
Bnerr kk,kecewa
Btul,kecewa
Upsssss ğŸ¤£,kecewa
Yessssh,kecewa
haha bener bgt sihh,sedih
yessss,kecewa
Bener,kecewa
Iya baru tau di agama ternyata bener real,sedih
"wkwk betul, naudzubillah amit2 jauhkan anak cucu ku dr uang haram ya Allah ğŸ˜­ğŸ˜­ğŸ¤²",kecewa
ğŸ˜‚ğŸ˜‚ğŸ˜‚,kecewa
"baru sadar, ha'ah lahhh",kecewa
hah mantan awkarin siapa kak?,kecewa
@oktavi3yyy @dinaashriana25 @7% @silpiiâœ¨â˜ƒï¸@qwertyopppp @rosiiiieyy  â˜½ @Halloodeekk @Rayrah shop @Matchalatteâœ¨ @Juan Fikri @Ridho Apritino iyayah,kecewa
kang pungut ğŸ˜­,kecewa
ğŸ¤£,kecewa
triplek kakğŸ˜­,kecewa
DIEM KAKğŸ˜­ğŸ˜­ğŸ˜­,kecewa
Dan bisa bisanya ortunya malah nyalahin netizen padahal anaknya yg berulah ğŸ˜³,kecewa
"ortu yang gagal, karna anak bersalahpun ttep mati matian dibela, apalagi kalo anaknya bener, tapi sayangnya anaknya yang salah, gemes bngt jdi ngebentuk ke pribadian yang kocak amat sangat kocak",kecewa
Iyah ihh,kecewa
"bener, krn sesuatu yg tidak baik hasilnya juga ga baik ğŸ˜‚",kecewa
yuuuppsss setuju,kecewa
Real !!,sedih
"Ortu nya juga sama aja
gk bisa bedain mana hal buruk mana yg baik",kecewa
enak bgt lagi liburannğŸ˜…,kecewa
betuull ğŸ™‚â€â†”ï¸ğŸ’¯,kecewa
@huzelnutty @hellonovia @restaağŸ‘‹ @karuniacerily @dhya @Vnnnnn @itsme.naa @uwu @Doryss @Sangkola Putih @ucanursa ğŸ˜­ğŸ˜­ğŸ˜­,kecewa
anjayyyyyyyyy,kecewa
"bener,, mau anak di masukin pesantren pun di paksa hapal alqur'an sekalipun,, di didik sebaik apapun klau di kasih makan uang gak halal atau haram,, anak gak akan bisa nurut ğŸ˜,,",kecewa
kak aku tarik gamau dosa ğŸ¥²,kecewa
Tapi kamu bener lo syen dampak ke anak jika dutrek harem itu uda terdarah daging ke anak maaf karna dekat rumah ku ada juga gitu,kecewa
ke murce kak,kecewa
BG Nadhif mau nyoba mungkin kn barang murah ğŸ™ğŸ˜­,kecewa
ini up di akun siapa kepo dehh,kecewa
r,kecewa
Masa si wanita mahal? yakin udah tau segalanya masa lalu Anya.Koreksi diri sendiri sebelum menilai orang lain.,marah
lah gw emang ngataiin panutan lo itu apa?ğŸ˜‚,kecewa
"Minimal kita berkaca apa kita udah bner hidup kita ,ngoreksi orang lain mmng gampang tp lupa sama keburukan diri sendiri",kecewa
lah gw emang ngomongin panutan lu apa bu? wkwkwkw lol kepanasan sendiri ğŸ¤£ğŸ¤£ğŸ¤£,senang
minimal kita berkaca minimal kita berkaca emang gw ngataiin panutan lo itu apa? ngakak banget dsr ibu ibu tongğŸ¤£,kecewa
"santai kak, gue di tim lu! aneh di suruh berkaca sedangkan yg di jadiin contoh berkaca ""modelan begini"" lah kita mah ga selingkuh aja udah menang sist!ğŸ˜˜",kecewa
"ya kan byutiful, ibu ibu ini kenapa sih ???emang idolanya gw kataiin apa deh ??sampe bingung gw ğŸ¤£ğŸ¤£ğŸ¤£ ngakak banget",kecewa
"Itu yg du podcast spa gt , si anya pernah cerita dia ga pernah pacaran sama cowok royal, ga pernah dibeliin barang2 mewah atau perawatan pasti bayar sendiri2 , brrti salah satunya si nadif ini ğŸ¤£ğŸ¤ª. Anya aja digituin apa lagiâ€¦. Ah sdhlah",kecewa
"lihat saja si nurul bakal di manfaatin, cmn ga di publik ajağŸ˜­",kecewa
"biar tersalurkan aja, yttağŸ¤£",kecewa
satria mahatir versi cewe,kecewa
wkwk bener niğŸ˜­,senang
Jangan jujurğŸ¤£,senang
mana bnr lg ğŸ˜­,senang
duta d obok2,marah
ngakak anjjğŸ˜­,senang
ğŸ¤£ğŸ¤£,kecewa
real hahaha,senang
haha iyaa semoga jodohğŸ˜­,sedih
@brownsugar,kecewa
pecah bgt sorryğŸ˜­ğŸ¤£,benci
satria mahatirr versi cewek,kecewa
kalau ini mau Nurul mahir kak,kecewa
kecuali suaminya sendiri,kecewa
"libraa final bos, cadangannya ada tp diem diem ky korbanğŸ˜­",kecewa
Piala begilir kak,benci
Biar dikira lakuğŸ˜­,benci
masi mending kalo lbi cakep dr anya ihğŸ˜­,kecewa
"pngen icip"" cwok gnteng mah",kecewa
Haus kasih sayang wkwk,senang
Kemaren lewat beranda kata nya anya diselingkuhin yang ini kah orang nya ? Serius nanya,kecewa
"kalo bener amit2 ih,tapi biarin lah anya biar dapet yang lebih lagi itu kyk opet",kecewa
hah yg anya nangis2 itu ya,sedih
yg di igun itu ??? wow,kecewa
emang Nurul kok orang nya..Nurul ditidurin Nadif udah dari awal thn 2024..waktu itu Arhan lagi tc di Turki,kecewa
Iya.. Nurul orang nya yg vt tentang tidur sama pacar orang kan,kecewa
"anjr, dikasih cowok yg bisa membimbing supaya lebih baik, malah pengen cowok yg nakal",kecewa
kasihan banget arhanğŸ˜­,sedih
sungguh akun pun bertanya tanya ğŸ˜­,kecewa
"iya bnr ka,",kecewa
hooh,kecewa
astaghfirullah hebat,kecewa
ya kalo ga selingkuh ga mngkn langsung publik pacaran padahal blm itungan bulan dr gugatan cere,marah
Selingkuhnya udah berulang kali sih,kecewa
kan ga cinta ğŸ˜‚,kecewa
iy bener apalgi kalau mau di peluk aja sperti menghindar.. klo sma yang ini dia nempel bgt,kecewa
cari aja di google lebih mudah sebelum jadi dpr usaha nya apa,marah
Satria mahathir menambahkan anda kedalam grub,kecewa
abi umi semangat nyapunyağŸ˜˜,kecewa
"vibesnya jdi kek baru putus, bukan baru cerai ğŸ¤£",kecewa
tau kan arhan diem aja biar fakta yg bicra,kecewa
dan fans nya banggağŸ˜­,kecewa
2â€ nya di kasi berlian malah milih batu kali ğŸ˜­,kecewa
"nurul nurul wkwkğŸ¤—
Nadhif seleranya menurun wkwk dair Anya ke NurulğŸ¤£",senang
"si nadhif kenapa sih, di kasih anya malah milih yasudahlah ğŸ˜­",kecewa
dr anya ke anyer ğŸ˜­,benci
"pasti ada something sih di nurul ini, kenpa bnyak yg kepincut ya sama dia stelah khasusnya yg banyak bngt, dan masih banyak juga yg berteman sama dia. kek, aduh ga takut ya kalo nanti pasangan pasangan mereka yg bakalan jadi target nya dia.",marah
10.10 ge kalah flashsale nya,kecewa
Spek Lamborghini ditinggalin malah milih yang spek avanza,benci
Sumpahhh ilfeeel bgtttt gueğŸ˜­,benci
dari anya ke anying,benci
"iiii geramnyaaaaa ğŸ˜­, minimal dari anya ke spek kek davina kek malah ke si nurul nurul ini ğŸ˜­",marah
muak bgt. lgsung unfollow zz,marah
tabiat emg susah d rubah wkwkkwğŸ˜…,kecewa
dari anya ke anying ğŸ™,benci
bisa bisanya downgrade NadhiffffğŸ™‚â€â†”ï¸ğŸ«¢,sedih
kayaknya dia sana-sini mau kecuali sama mantan suaminya,kecewa
Jln hubungan sama suaminya aja terlihat terpaksa beb,kecewa
"Buna ""Downfall, Down grade down down lah"" ğŸ™ğŸ˜Œ",sedih
Anya gua jd lu merasa terhina sih nyaa ğŸ˜­ğŸ˜­,marah
Turun drastis anjr,benci
Dari anya ke anyir,benci
kakğŸ˜­,kecewa
hahaha duuuh han keputusan yg tepat,senang
konsepnya kan emang gitu harus setara...arhan terlalu mantep buat zize upssğŸ¤­,kecewa
ğŸ˜cocok sama levelnya,kecewa
kenapa nanti si arho sama Anya ğŸ¤£ğŸ¤£ plot twist sekali ğŸ˜…,kecewa
"kalau aku baca2 komen di vt lain sih katanya malah duluan sama nadhif selingkuhnya daripada sama salim, jadi kemungkinan pas masih sama anya, di x pernah ada yg spill pas rame2 kasus salim zize gt",kecewa
Baru mau komen dia gangerti masa iddah? Masa uminya ga ngasih tau. Apa emang batu,marah
selingkuh dari lama kok,marah
parah bgt,kecewa
wow,kecewa
Astagaaa,kecewa
bener2 sakit,kecewa
kak apaa kak jangan ngilangğŸ˜­,kecewa
apaan kak,kecewa
ğŸ¤£ğŸ¤£ğŸ¤£ğŸ¤£ciri ciri manusia yg mikir dunia terus dia tuh ka,kecewa
ğŸ˜­,kecewa
Gatau idah diağŸ˜­,marah
tau sndiri lah kalo gampang didapetin namanya apa?,kecewa
selingkuh sama Nadif udh dari 2024,marah
tau darimana sih ka?,kecewa
emang itu kenyataan nya,kecewa
"kalau lakinya bosen giliran di tinggal kak , di logika aja ğŸ˜‚",kecewa
ğŸ˜‚ğŸ˜‚ğŸ˜‚ğŸ˜‚ğŸ˜‚ğŸ˜‚ğŸ˜‚,kecewa
Tapi sayangnya piala yg satu ini terlalu murce kakğŸ˜­,kecewa
"ganti ga? jangan piala piala,piala tu megah,apa kek batu krikil kek",kecewa
ğŸ˜‚ğŸ˜‚ğŸ˜‚ğŸ˜‚ğŸ˜‚,kecewa
ğŸ¤£ğŸ¤£ğŸ¤£ğŸ˜­,kecewa
"piala mah pake usaha kak, ini ga perlu usaha wkwk",kecewa
ih jngn smain piala deh itu WC umum kak bukan pialaa,kecewa
tiati ntr diserang ama fans nurulğŸ˜¹,kecewa
KaaaağŸ˜­,kecewa
Wc umum versi anak dpr ğŸ˜­,kecewa
choco chips nya bnyak yg minat k,kecewa
ğŸ˜ğŸ˜,kecewa
ğŸ˜­,kecewa
udah gakuat nahan kali diağŸ˜† udah biarin aja ka,kecewa
greget aja lihatnyağŸ˜¡,kecewa
udah kebelet CRIT mungkin kakğŸ¤£,kecewa
"coba ss aslinya kak kalo itu dari exc?, takutnya itu Ai, kayak ai soalnya.",kecewa
Langganan exc nya aj kak biar jelass,kecewa
,kecewa
"Klo g percaya langganan sana,ğŸ˜‚",kecewa
"AI gimana , banyak bukti ..
coba lu cari",kecewa
"asli ini, dapet dr scanbarcode fotoboth di story angie tapi galama diapus",kecewa
ini bacağŸ˜‚,kecewa
iyah apa itu foto nga editan yh,kecewa
,kecewa
wkwk editan apa udah peluk cium dibilang editanğŸ˜‚ğŸ˜‚ğŸ˜‚,kecewa
Mau sana sini kak upas,kecewa
Bisa diajak emmm,kecewa
Denger2 suka nempel sana sini,senang
maksudnya nempel sana sini tu apa kaa?,kecewa
Dia pinter menggatal kak ke cowokğŸ˜­,kecewa
murehh kak soalnya jadi laris manisğŸ¤­ğŸ™ğŸ¼,kecewa
duit sm jabatan bapaknya jg menarik cuyyyğŸ¤£ğŸ¤£,kecewa
serius bpnya pjbat apayah? bneran nanya? kudet aqğŸ˜­,kecewa
bapaknya dpr kak,kecewa
Sasimo kak berkedok friendlyğŸ™ğŸ»,senang
gampang an kak,kecewa
"Ya karna gampangan kak, jd nya lebih kek cmn cowo murahan yg mau sm dia",kecewa
Diama cuma buat bahan pakean doang,kecewa
"gimn g Laris, sana sini mau jdi gampang di milikii",kecewa
muka nya bikin nafsu,kecewa
"laris soalnya murah kak, ibarat anak kos beli makan mendingan yg murah walaupun gaenak sekalipun yg penting bisa makan.",kecewa
liat chococips nya kakğŸ¤­,kecewa
anak pejabat...wkwkwk,kecewa
gampang mah gk perlu cakep ka wkwk,kecewa
karna dia mudah bngt buat di dapetin mknnya cepet dapet pasangan,kecewa
cocok sama satria sama2 hyperğŸ˜«,kecewa
terserah lah yang penting arhan duda wkwkw,kecewa
SIAPA YANG PUNYA UNEK2 KE ZIZE ğŸ˜­,kecewa
cowo tidak beruntung 2025,kecewa
"auto jadi bahan gosip artis"" lagi haha",sedih
Seru kayanya kalo Buna bikin Podcast sama Anya,kecewa
AKHIRNYA ARHAN BUANG KESIALNYAğŸ¤ª,kecewa
udah manteb dpt Anya malah milih anying,kecewa
"ketawa yang kenceng shell, you winn",senang
"Emg suka yg bule2 gitu dia, philo salim skrg ini wkwkw",senang
Umi nya bela mati2an eh dianya malah hidup seenak jidat ğŸ˜‚,kecewa
Dia pemain bgt anjir ğŸ˜­,kecewa
"satria masih lucu di liat, lah ini",senang
melebihi gasii?,kecewa
@diniyyshop ğŸ¤£,kecewa
si nurul jago ogeğŸ™ğŸ»,kecewa
Yes beda klamin aja ğŸ˜­,kecewa
rillllğŸ˜­,kecewa
WKWKWKW YAALLAH ğŸ˜­ğŸ˜­ğŸ˜­,kecewa
bisa kyaknya dibilang gitu,kecewa
@cctavrl @n ğŸ¤£,kecewa
Amit amit bnget za za,kecewa
hahaaaa,kecewa
asliii,kecewa
yupsssğŸ˜‚,kecewa
IYUPS,kecewa
Wkwkkwkw ğŸ¤£,kecewa
"IYA KAAAA,GEMES GA SI",kecewa
nurul mahatir,kecewa
Wkwkk ğŸ˜­,kecewa
wkwk,kecewa
ğŸ™ğŸ»ğŸ¤£,kecewa
Iya. Dia sebenarnya kenapa dah ğŸ˜­,kecewa
kasusnya soal laki mulu ğŸ˜­,kecewa
Kakkk awas diserang pemujanya,kecewa
namanya juga problematik kak ğŸ˜­,kecewa
"bekingan nya msh bs duduk di pejabat, klo udh lengser baru eemmm x ka ğŸ¤£",kecewa
katanya umur dia 22 tahun kakğŸ˜­ğŸ˜­... tapi sebanyak itu dia gonta ganti cowok,kecewa
prestasinya kak,kecewa
dia 2005 kah?,kecewa
namanya juga anakÂ² kakğŸ˜­,kecewa
"itu yg kita lihat dr sini, pdhl udah banyak yg difilter, gimana direal nya ya.. ğŸ¤£",kecewa
kaget pas tau dia umur 22ğŸ˜­,kecewa
kan kenyataan njir,benci
wc umum,benci
mau dii ewiw kk,benci
Ini masih aja ada yang tutup mata,kecewa
wkwkkw pengen komen tp lg nahan julit ğŸ™ğŸ»,kecewa
ya itu penting nya nafkah halal buat anak,kecewa
jangan lupa Murmer wkwkw,kecewa
"gapapa kak
anak umi",kecewa
Kak punten barang murah banyak minat cepat sold,kecewa
,benci
ilfeel bgt mbe zizah i redflag pollğŸ˜­ğŸ˜­,benci
kakean polah sumpah. mentolo tk idoni ae ğŸ˜­,kecewa
yuk barengâ€™ğŸ˜­ğŸ˜­ğŸ˜­,kecewa
"laiya, mon maap bnr nibya netijen, gue bnrÂ² ga kenal dia kalo ga nikah sm arhanğŸ˜­ğŸ™",kecewa
"betull bgtt klo ak liat"" kek suka hati dia aja mau sama siapa ajaa labil bgtt yaaa ank abi masih",senang
u yg,kecewa
Merasa dirinya dicintai banyak lelaki kk,kecewa
dia pikir dia se cantik itu yahğŸ˜­,kecewa
hahaha ğŸ¤£ ga abis pikir beb,sedih
Aura hyper nya kuatttğŸ’¯,kecewa
Berasa cewe tercantik seindo kyknya kak nganggep semua cowo suka sm dia pdhl cuma pngen icip doang,senang
cocociepğŸ˜­,kecewa
Bener lagi,kecewa
umur bocil aja mau nya sama sana sini hrusny belajar dri kejadian kemaren bjirr eh malah bikin malu diri sendiri bae lgian org tuanya G tau batasan anak nya sendiri kek nya dibebasin banget,kecewa
iya apalagi ibunya utadzah,kecewa
kan dia suka di coba sana sini laki mahh enak2 ajağŸ¤£ğŸ¤£ğŸ¤£,senang
lebih tepatnya pengen nyicipin rasa lain kakğŸ˜‚,kecewa
"biasalah anak dpr wkwkw, pdhl kalo dia bkn anak dpr bisa kita sebut LC karoke",kecewa
"pengen cobain satu persatu,dia kan hyperr",kecewa
"klo gitu,,laki""di kampung gw banyak,,yg ngomong sendiri ada,,yg mondar mandir smbil ngomong sendiri ada,,yg ngk mandi bertahun""ada jga,,pilih lahğŸ˜‚",kecewa
guwendeng ajijahh ğŸ˜³,kecewa
Murah murah,kecewa
@zize wkwkwk bener bgtt cokğŸ˜­ğŸ¤£,kecewa
"sbenernya keluarga nya udh angkat tangan kak, tpi ntar yg bersih"" jga Abi nya ğŸ˜Œ",kecewa
gw curiga ni anak kagak ngarti masa iddah ğŸ˜…,kecewa
Tag abinya tersayang dong ğŸ¤£ belain trus ğŸ¤£,kecewa
anya geraldine terselamatkan,kecewa
@Intan Sandra Novita kasian arhan,kecewa
Dari anya ke anjirrr?????ğŸ™,kecewa
@heloceyiii ğŸ¤£,kecewa
ewğŸ¤£,kecewa
@Purie Laksmi Handaya @A Y U @putuir21 @anita_ita @ibunyadanudanimbi12 sumpah cewek sakit,kecewa
emg bjiiirr nurul,kecewa
dari anya ke ancur,kecewa
dari Anya ke pulu2ğŸ¤£ğŸ¤£ğŸ¤£ğŸ¤£,kecewa
ğŸ¤£ğŸ¤£ğŸ¤£ğŸ¤£ğŸ¤£@Araa,kecewa
iya lagiğŸ˜­,kecewa
eehh ğŸ˜­ğŸ˜­ğŸ˜­,kecewa
@dekkaaa.m ğŸ˜­ğŸ˜­,kecewa
ğŸ¤£ğŸ¤£ğŸ¤£,kecewa
Kak wkwkwk,kecewa
Hiks ğŸ¤£ğŸ¤£ğŸ¤£,kecewa
anyirğŸ˜­ @rinawidariana,kecewa
wkwkw,kecewa
Dari anya ke anya anyanganğŸ˜‚ğŸ˜­,kecewa
kakğŸ˜­,kecewa
dpr,kecewa
pengusaha + pejabat anggota dpr,kecewa
lagian ngapain di follow kak ğŸ˜­ mukanya aja ngesein gitu,kecewa
dulu kak pas awal2 sm arhan.. skedar pinisirinğŸ˜•,kecewa
periksa bpknya,kecewa
kalo gue jadi anya sih ketawa yaakk,senang
Dia gak ada takut2nya sama jejak digitalğŸ˜­,kecewa
"masa iddah dia udh selesai blm sih?,",kecewa
Abis ini sama satria mahathir ya kalian cocok bngt tau,kecewa
Gileee sehhh ni cewe bener2ğŸ’ƒğŸ»,kecewa
nggilani,kecewa
ah tidak mereun ya yorobuuun,kecewa
jadi yg di podcastnya igun tuh ini? anya diselingkuhin? hebat bgt ya bocah satu ini ampun dehğŸ˜­,kecewa
pliss pasti jadi arhan malu bngt ngeliat kelakuan si nurul,kecewa
"pelajaran gasi guys, klo ngasih mkn keluarga pake uang halalğŸ˜­ğŸ˜­ğŸ˜­ maapÂ² ini mah jadiin pelajaran aja",kecewa
,kecewa
keluar dari circle fuji ku Kira lebih baik karena masuk circle aliyah ternyata lebih parah,kecewa
iyuhhhh,kecewa
kakğŸ˜­,kecewa
kenyataan kakğŸ˜­,kecewa
@milompies,kecewa
"banyak duit kak, tau sendiri kan dia anak siapa?ğŸ˜",kecewa
"tapi cowo yg deket sama dia berduit semua kak gada yg kismin, dulu si philo juga kaya bgt",kecewa
"bukan uang poin utamanya ,atau mungkin emng anaknya brandingnya oke,",kecewa
"dia mau ngasih mungkin, sepupu gue baru aja di putusin pacarnya soalnya selingkuhan pacarnya berani ngasih katanya cowok kalau udh coba bakal nagih apalagi gratis ğŸ˜‚",kecewa
"Tapi buat cowok berduit kayak gtu, mudah aja sih kalo mau seneng sneng,kan bisa jajan di luar. Tapi kalo ada yg gratis kenapa engga?",kecewa
duitnya kenceng ğŸ˜„,kecewa
"Jangan cuma lihat dianya, lihat donk bapake sopooğŸ˜ŒğŸ™ğŸ»",kecewa
anak dewan,kecewa
@b @brownsugar ğŸ˜©,kecewa
pengusaha bapaknya ğŸ˜,kecewa
Mokondo brti yakğŸ˜­,kecewa
gampang di bungkus mungkin ka ğŸ˜‚,kecewa
Mungkin karna dia mauanğŸ˜­ğŸ™ğŸ»,kecewa
"Klo bhasa jawa geleman mba, mau sna sni ya jelas gampang dpet mna aja, temenku ada yg kya gnii wlpun ga cantik tp bagi cwok bisa di coba2",kecewa
"yg pertama anaknya pejabat, kaya udah pasti trus ya gampang aja gitu kl mau diapa2in",kecewa
kl alesanya gampangan ya LC jg banyak yg gampangan. kl krn bpknya kaya lah itu nadif jauh lbh kaya lg dr zize,kecewa
gampang dimasukin hatinyağŸ¤—,kecewa
Anak pjbtğŸ˜‚ sma sna sini mau,kecewa
orang2 kayak gitu gak ada cinta kak. prinsip mrk selama Lo bisa muasin gue selama itu Lo bakal di sukai. percaya deh orang2 kayak gitu gak ada cinta yg tulus di hatinya yg ada hanya nafsu. makanya jgn tanya kok dia laris manis padahal mukanya biasa aja.,senang
gampang di ekap,kecewa
chocochips nya menggoda kalii ka,kecewa
mrhhh,kecewa
cukup paham kak ğŸ˜,kecewa
Grgr liat vidionya kali ğŸ˜,kecewa
Ya mungkin krn gampang dapetin nya ..,kecewa
dari anya ke anying,kecewa
"ğŸ¤£ğŸ¤£mba astagfirullah tipe NURULL emang di luar NURULL suka nya punya orang trusss, dr punya Rachel sekarang anya, ğŸ˜­",senang
KakğŸ¤£,kecewa
Arhan juga lagi ketawa di Monaco sambil liburan..pacar barunya jg cakep bgt..Mending Shella fokus nyari rupiah aja mumpung namanya masih dikaitkan ke Arhan ğŸ˜‚,senang
ğŸ˜‚ğŸ˜‚ğŸ˜‚,kecewa
NetizenğŸ¤£,kecewa
@unknown ğŸ˜‡,kecewa
jujur si nurul anak club gak cocok sama arhan,kecewa
cocok nya sama aku yaa kak,kecewa
komenan warganet bikin ngakak,kecewa
Dia mantep dari segi mana nya si sampe bisa begitu ğŸ˜­,kecewa
ngakakkkk bgtğŸ˜‚,kecewa
amis ta?ğŸ˜­ğŸ¤£,kecewa
anyinggg,kecewa
ya ampun ğŸ˜­,kecewa
ğŸ˜­ğŸ˜­ğŸ¤£ @Susy Yulia Anisa,kecewa
@nay's place wkwk,kecewa
eh ya allah wkwk,kecewa
@inihanieee ğŸ˜­,kecewa
wkwkwww anjrğŸ˜­,kecewa
anying ngakak ka elah lu ğŸ˜‚ğŸ˜‚ğŸ˜‚ğŸ˜‚,kecewa
anjğŸ¤£ @myown.ptr,kecewa
@ccc ğŸ˜­ğŸ˜­ğŸ˜­,kecewa
@aca ğŸ˜‚,kecewa
muak,marah
dari anya ke anyep,kecewa
Iya ngerasa paling cantik banget,kecewa
ğŸ¤£ğŸ¤£,kecewa
@phii01,kecewa
@1111,kecewa
@lia @Cacashipp @aku siapa,kecewa
ğŸ˜‚ğŸ˜­ğŸ˜‚ğŸ˜­,kecewa
ğŸ¤£ğŸ¤£ğŸ¤£ğŸ™ğŸ»ğŸ™ğŸ»ğŸ™ğŸ»ğŸ™ğŸ»,kecewa
@Nawang rifenzca ğŸ¤£,kecewa
ğŸ¤£ğŸ¤£ğŸ¤£,kecewa
ğŸ¤£,kecewa
di podcast igun itu bahas ortu Anya yaa bukan masalah cowo,kecewa
wkwkwk,kecewa
Wkwkw iya ya,kecewa
AhahhahahağŸ˜­ğŸ˜,kecewa
tapi vidio satria ga pernah bertebaran kaya diaa wkwk,kecewa
tau aja kamu kak,kecewa
yoi,kecewa
betuullll,kecewa
bisa di bilang iya,kecewa
IYA COK WKWKWK,kecewa
Sabar kak ğŸ˜­,kecewa
@gummyğ™š,kecewa
"ngamkak njirr, tapi rill sih",kecewa
@hllloww,kecewa
brrti los,kecewa
Plissss dia musti cek h 1 v sih. Kita ga pernah tau laki yg dia cocol itu udah habis jajan dimane mana lako banyak bgt yg dicocol ama si z ğŸ™ğŸ»,kecewa
versi lebih gilanya kak ğŸ™‚,kecewa
sedep amatğŸ˜­,kecewa
ğŸ¤£ğŸ¤£ğŸ¤£bnr lagi ga cukup,kecewa
@matchağŸµ @@,kecewa
"gak usah ngomong in orang,,mengaca dulu lebih baik.",kecewa
Ga kebayangğŸ¤£,kecewa
@XgeirğŸ‰ @â€§Í™âºËš*ï½¥à¼“â˜¾Dheaâ˜½à¼“ï½¥*Ëšâºâ€§Í™ ğŸ˜­ğŸ™ğŸ»,kecewa
lagi mnkmati urep mbk karna BPK ku pejabatğŸ˜‚ğŸ˜‚ğŸ˜‚,kecewa
namanya juga bocil kak ğŸ¤£,kecewa
@Syaosyaa ğŸ˜­,kecewa
"Betulll wkwk malu tauu aplgi nnti bakalan punya anak,ada aja jejak digitalnya wkwk",kecewa
awas bpknya gk terimaan faktağŸ˜‚,kecewa
hahahah kecilÂ² tapi lincahğŸ¤£ğŸ˜­,kecewa
dan aku kaget dia baru umur 22 ga si,kecewa
@auliaağŸŒ·,kecewa
iyo jirrr sampe muakkk kasus muluu,marah
benerr geleh aing mahhh nauzubillah @a.mndaayul,kecewa
si tungtung sahur,kecewa
"muka nya tebel bgt njir, masih berani muncul di publik",kecewa
mana udh ada skandal,kecewa
"Karena sering di bela sama ortu nya kak wlwpun jelas2 anak nya salah, ortu nya pun maksa banget anak nya nikah padahal anak nya masih doyan ganti2 pacara gila sih emang ğŸ˜­",kecewa
didikan bapaknya ituğŸ—¿ problematik,kecewa
murceee kak,kecewa
kasuss per memeannnnn,kecewa
ngakak hahaha,sedih
Anjirrrrrr ğŸ˜‚ğŸ˜­,kecewa
ngakakğŸ˜‚,kecewa
@ğŸ¥‘ haha,sedih
@Non @Dini @Diah punya cerita WKWKWKKW,kecewa
Dari anya ke anyingğŸ˜­ğŸ˜­,kecewa
@xionn @ØºÙŠØªØ§ gua ketawa bgt anjirğŸ˜­ğŸ˜­,senang
@ayu ğŸ˜­,kecewa
kak?ang ang angğŸ˜­,kecewa
astagfirullah sampe ngik ngikğŸ˜­,kecewa
@APA LO LIAT LIATT ?? ğŸ˜‚,kecewa
"dirumah gk ada kaca kah,,",kecewa
@Lianya Andri ğŸ˜­ğŸ˜­ğŸ˜­ğŸ˜­,kecewa
Dari anya ke anyi anyi ğŸ˜­,kecewa
Downgrade ke Anyer yang Masi masa idahğŸ™,sedih
anying ğŸ˜‚,kecewa
wkwkwkwk kakkkğŸ˜­,kecewa
ekwkğŸ˜­,kecewa
KağŸ˜­ğŸ˜­,kecewa
anyingğŸ˜‚,kecewa
Chocochips apaan ka?,kecewa
easy use kak,senang
yg penting flash sale kak...,kecewa
"ga boong sih kak, cowok ngejar circle dia sama relasi bapaknya wkwk",kecewa
Tapikan bini org ka pada saat ituğŸ˜­ğŸ˜­ğŸ˜­ğŸ˜­,kecewa
Biasanya gampang dipake kak,kecewa
liat chococipsnya kk,kecewa
biasa y sih gak lama maklum cewek friendly,senang
lumayan ka muka nya itu,kecewa
"klo itu kunci nya 1 ka, menggatal hehee",kecewa
Dia tuh ngerasa semua cowo bisa duka dan bisa dia dapetin kak makanya gituğŸ™„,kecewa
fikiran gue juga gitu ğŸ˜¡,kecewa
karna gratis,kecewa
anya kalah dada,kecewa
Mungkin goyangan nya hot kakğŸ¤£,senang
krna anak orkay kak,kecewa
cewe ter red flag,kecewa
bjir iddah aja blom beres ku zah,kecewa
Dari anya ke anyerğŸ˜‚,kecewa
"oh ini yang namanya hubungan harus ada ""privasi"", ga bisa nunggu kering dulu apa?",kecewa
Mak bpknya apa GK bisa tegas bimbing anaknya ya ğŸ˜­ğŸ˜­ğŸ˜­ğŸ˜­,kecewa
masa iddah aja belom selesai anjirrr,kecewa
dia kira kayak pacaran woiğŸ˜­,kecewa
duh nadif cakepan anya kemanaÂ² banding si nurul,kecewa
BAGAI LANGIT DAN TANAHğŸ˜­,kecewa
buset jijah jijah bner diluar nurul ğŸ¤£,kecewa
hyper bangat,kecewa
Gada idah anak ummi,kecewa
Royal ke cowo juga keknyağŸ˜­,kecewa
Karna mudah didapatkan,kecewa
Yang penting bisa bobo bareng udah,kecewa
bisa di gilir jdi gratis pda mau,kecewa
sana sini mau kak soalnya ğŸ¥°,kecewa
Yg pasti gambuy aja,kecewa
kl best seller emg lakunya cepet kak,senang
money kakğŸ˜†,kecewa
gampangan kayanya,kecewa
Bisa jadi murah ğŸ˜¶,kecewa
Lu ge kalo diobral mah banyak yg antri es teh..ğŸ˜‚,kecewa
Murahnya kak,kecewa
iya kobisa ya,kecewa
sasimo kağŸ™ğŸ»ğŸ˜­,kecewa
bapaknya depeer kak,kecewa
bnyk duit doang,kecewa
lah kalo barang flash sale mah cepet laris kak. jadi jangan heran.,kecewa
instan ka gampang di dapetin wkwk,kecewa
gampangan kak,kecewa
Namanya juga piala bergilir,kecewa
umi sedang mencari ayatÂ² yang cocok,kecewa
cepat laku artinya?,kecewa
salome,kecewa
Tiap bulan ada aj gebrakan si nurul ğŸ˜­ğŸ˜­,kecewa
selera nya nadhif kok makin makin ğŸ˜­,kecewa
orang tuanya malu kaga ya wkwk,kecewa
seorang anyaa diselingkuhin anjir,kecewa
"parahnya lgi selama ini temen""nya nutup""in njirr ğŸ˜…",kecewa
ati2 ges dilaporin ke polisi sama bapaknyağŸ˜³,kecewa
lah perasaan baru aja cere anjir,kecewa
nih org kek masih puber smp,kecewa
Jauh jauuuh bngtttğŸ˜­,kecewa
"Terus masa iddah nya ? Hah sudahlah mana dia open masa iddah, pdhal dlm Islam masa iddah itu ada tujuannya",kecewa
dikasih anya malah milin anying,kecewa
diketawain circlenya anya inimahğŸ˜­,senang
Padahal dia baru cerai ğŸ¥º,kecewa
ih bagaikan langit dan got,kecewa
dari anya ke nurul bjirr,kecewa
busett nurul bukan maen,kecewa
manusia ke gini masih byk aj yg mau nemenin ğŸ˜Œ,kecewa
Pas acara bridesmaid udh dikasih tau sama circle nya & yappp!!!,kecewa
"ArhanğŸ—£ï¸""fasilitas umum jangan dipake buat pribadi""ğŸ¤­ğŸ¤£",kecewa
dari anyaa ke anyerr,kecewa
downgrade bgt sorry,sedih
bocah ke tolong baba,kecewa
dari Anya Ke Anyang Anyangan..,kecewa
Dari anyaa ke anyirrrrrrrğŸ˜­ğŸ¤£,kecewa
belum juga kelar tu masa iddah udah gercep bener ..parah sihh,kecewa
dih,kecewa
Please Anya cantikkkk bgt.. dari jaman sebelum terkenal sampe skrg dah terkenal bgt anya cantik bgt dan makin cantik.. malah dia makin upgrade segalannya.. Anya keren sih,marah
Bukannya dalam masa idah itu perempuan nggak boleh ya dekat sama cowok lain,kecewa
orang orang lagi bahas demo lah ini ceraiğŸ¤£,kecewa
dari Rachel trs anyağŸ˜­ jirrr,kecewa
"ingat seorang ayah kelak di akhirat,atas pertanggung jawaban mu di dunia",kecewa
Dari anya ke anyianyiiğŸ˜­ğŸ˜­ğŸ˜­,kecewa
dari A ke Z jauh amay,kecewa
1 tumbuh 1000 itu sangat jauh beda dengan jual murahğŸ™ğŸ»,kecewa
Masa idah 3bulan kah ?,kecewa
duh anya guee terselamatkanğŸ˜­,kecewa
masih puber kakğŸ˜Œ,kecewa
"murah kak, anak abi tau nya bikin malu doang itu mahğŸ˜­ğŸ˜­",kecewa
liar kakğŸ˜‚,kecewa
kasusnyaa lelakiik semuaağŸ˜³,kecewa
didukung si nakal nya,kecewa
ğŸ˜­ğŸ”¥,kecewa
@userrrrrrrrrrr,kecewa
ğŸ˜³,kecewa
ğŸ˜­ğŸ¤£,kecewa
ğŸ˜…ğŸ˜…ğŸ˜…,kecewa
@ğŸŒ¸,kecewa
@AQUARIUSSS,kecewa
ğŸ˜­,kecewa
ğŸ˜…,kecewa
rahimnya anget,kecewa
permen 3 seribu juga laris kak uppp,kecewa
lu beli barangyang fungsinya sama lebih tertarik yang murah apa mahal,kecewa
Obral aja kak,kecewa
karena gampang mbak,kecewa
kan gratisss,kecewa
Murahnya gak sih,kecewa
yg sepemikiran sini sini wkwkw,kecewa
BARANG MURAH EMANG GAMPANG LAKUNYA KAK HEHEğŸ˜ğŸ˜,kecewa
Mgkn mudah dikupas kaya pisang,kecewa
Mbak YTTA ajadeh digandeng bukan dinikahinğŸ˜…cowok sebejat bejatnya pun impian dia menikah dengan perempuan baik-baikğŸ™ğŸ»,kecewa
cuma mau barangnya aja kak makanya laku,kecewa
barang murah emang lebih cepet laku kak ğŸ˜,kecewa
krna enak bisa d pakai upsee,kecewa
aku mikirnya jga gtğŸ˜­apa personality nyaa ya,kecewa
biasanya mainya enak kak ğŸ˜…,kecewa
"gampang di buka kayaknya ka, jadi kaum laki ga perlu effort yg berlebihan ğŸ˜¬",kecewa
Kaya soalnya kakğŸ™ğŸ»ğŸ¤£,kecewa
ğŸ¤£ğŸ¤£,kecewa
ğŸ˜‚ğŸ˜‚ğŸ˜‚ğŸ˜‚ğŸ˜‚ busett,kecewa
dari anya ke anyer,benci
standarnya turun,kecewa
muak bgt aku liat nyaa:(,benci
Parah,kecewa
MAK BAPANYA PASTI BANGGAAAğŸ¥°,kecewa
wanita bergilirğŸ¤­ğŸ¤£,benci
emng kyana bermslh ni org,marah
"kalo zz mah udh biasa denger kasus nya, ini cowo nya anjir ko mau sm istri orang.ğŸ˜‚ kaya gada cewe lagi aja",benci
Jauh bener turunnya dhif dhif dr anya yg secantik itu sampe ke yangâ€¦. Ah udahlah,kecewa
Pemain di lawan ğŸ¤£ğŸ¤£,kecewa
gue aja ga sengaja gabungin vidio di tiktok aja ngarasa gimna gitu apa lagi ini uda bnyak pasti pas masih sama arhan,kecewa
dari anya ke angker demi Ungkerrr ğŸ˜­ğŸ˜­,sedih
dari Anya ke nurulğŸ˜­,kecewa
jauh bet anjirr,benci
sm arhan gprnh mau senempel ini jir,benci
ARHANN GUEEğŸ˜­,sedih
hoby dia di benci ya ğŸ˜…,benci
laki laki siapa tuh yg gak beruntung dapetin nurulğŸ˜­,kecewa
bukannya kalo cerai itu wanita juga ada masa iddah ya?ğŸ˜­ğŸ™,kecewa
Sakittt,marah
turun kasta dari anya ğŸ˜­ğŸ˜­ğŸ˜­,benci
Dari Anya ke Anyep ğŸ˜­,benci
dari Anya ke anzingğŸ—¿,benci
":pantsan zize pas cerai kelihatan seneng banget, plis han lo udah salah pilih untung udah lo ceraiin",kecewa
"cinta nya dah mati ke anaknya bu ipel lupa nama anakny, jadi dia hanya jalanin idup ma laki lain tanpa rasa cinta seperti ituğŸ˜­",sedih
kemarin uminya belain dia pdhl kelakuan anak nya kayak beginiğŸ¤£,marah
syum,kecewa
Cowo suka coba coba ka apalagi barangnya keliatan murah,senang
Kek nya cowo lebih tertarik sama cwk yg gampang d goda deh.,kecewa
mungkin gatalnya kak ğŸ˜­ğŸ˜­ğŸ˜­ğŸ˜­,marah
bisa di ehem,kecewa
Biasa kak yg murah cepet laku,kecewa
angkang2 kaki nya ğŸ¤£,kecewa
kan murahkak Klau barang murah ma ngk papa kualitas ngk bgus yg penting beli aja duluğŸ˜‚ğŸ˜‚ğŸ˜‚,benci
"murce kak, gampangan. jadi emang menarik di mata lakiÂ² yg mau mainÂ² doang ğŸ¤£",sedih
"Kayanya ya, kayanya niih, karna bisa dipake kak",kecewa
yg penting kan mau dipake gratis kak..,kecewa
krn gatal gaksihğŸ˜­,kecewa
bapak nya kaya oy siapa yg GK mau ğŸ¤£ ibarat Lo sama cwok kaya ya kali Lo GK mauğŸ¤£,kecewa
krna murahğŸ˜­,kecewa
Barang murah kan emang gampang di dapatin ğŸ˜‚,kecewa
Duit sama murah say,kecewa
biasanya org yg GK getel ssh dpt cwok kak ğŸ¤­mskpn cwok kita suka klau yg cwok GK dktin dluan GK bkln JD tp klau cwek gatel liat cwok lngsung nempel ap LG klau yg dia suka 1001 cra spy bsa dkat n biasany gampang jg d colokğŸ¤£ğŸ˜­,senang
Agak murce kak makanya banyak yang mau,kecewa
Obral,benci
terpesona sama chococips nya kağŸ™,benci
Chococips apaan ka???ğŸ˜¯,kecewa
haiii braderğŸ˜­ğŸ˜­,kecewa
dr anya ke anyep kakğŸ˜©,kecewa
"allahuakbar, kok bisa sih cepet bgt gantinyağŸ˜­",marah
dari anya ke anyang-anyangan ğŸ˜­,kecewa
lebih mantapp anya padahal,kecewa
kaget banget cepet bnget gt turun speknya,benci
hyper mah susahğŸ˜‚,senang
"tapi pas sama arhan dia ga pernah poto sampai kayak nemplok sehepi itu ,berarti beneran ga cinta",senang
Yah gimana namanya juga masih bocah malah di nikahinğŸ˜­ğŸ˜­ğŸ˜­ğŸ˜­,kecewa
Mau di iniin kak,kecewa
barang obralan pasti banyak yg minat kakğŸ˜‚,kecewa
"ya karena gampang, tp laki kl udh dapet yaudah, gaakan ada yg bertahan lama, cm buat cobain doang",kecewa
mudah dipakek,benci
"cowo kalo buat main main emng nyari yg modelan mau'an kak ga mandang tampang, sikap dll",sedih
katanya sih yg penting gatel,benci
kunap mungkin bg,marah
WC umum Mbak biasa barang murah ğŸ¤£,benci
"gampang, asal mau mah cwok juga kesenengan",kecewa
wkwkwk lebih kee gampangan ga sih;(,senang
paling cuma mau nyicip... ğŸ˜…,benci
"Kak, yg murah emg banyak peminatğŸ™ğŸ»",kecewa
Yng penting bisa di 3w3 kak,benci
pakai pemanis dia kkğŸ¥°,benci
Bisa dipake ege wkwkwk,senang
Soalnya obral kakğŸ™ğŸ˜­,kecewa
tipe manusia dicecer Ampe dpt,kecewa
yg penting gatelğŸ˜­,kecewa
"harus kuakui pacar dia ganteng"" bngt ,pantes aj",senang
wkwk kok pada mau,senang
ngakak bgt liat komenğŸ˜­ğŸ˜©,senang
apaan anjir trun drastis gini ğŸ¤£,benci
berati gaada masa iddah ya umi abi? eh apa gimana si,kecewa
Dia terbuat dari apaa plisssss,kecewa
wkwk cepet amat ğŸ¤£,senang
next sama satria mahatir ze ğŸ™ğŸ»,kecewa
dari Anya ke enye enye,benci
Gatel banget tangan gue buat ngetikğŸ˜­,marah
anyirrrr beneran?,benci
umi lagi nyari hadis,benci
Dari Anya ğŸ˜‚ğŸ˜‚,kecewa
menggatal diağŸ˜­ğŸ˜…,kecewa
dari anya ke zizeğŸ˜³,kecewa
Suatu keberuntungan arhan lepas dari ni cewe ğŸ«¡,kecewa
Semoga arhan makin sukses aja dahhh kasian woyyy ğŸ¥º,sedih
belum ada satu bulanğŸ˜­ğŸ˜­,kecewa
bagaikan langit dan kuman,kecewa
hayo siapa yg ud ngata2in n nuduh philoğŸ˜–ğŸ˜–,kecewa
mrindinkk,kecewa
udah gabisa berkata kata yaAllah,sedih
Haha idah udah beres belom,sedih
jangan kan sebulan perasaan baru minggu lalu diaa di umumin cerai diaa sudah mengatalll,kecewa
"nah betul.. , minimal nanti gitu loh Klo udah 3bln jdi janda..",kecewa
ğŸ¤£ğŸ¤£ğŸ¤£,kecewa
problematik bener,marah
STRESS ANJ STRESSSğŸ˜­,benci
Beda jauhhhh beda kelasğŸ¤£ Anya bagaikan langit ğŸ¤£,kecewa
dari anya lohğŸ˜­,marah
@mega @@Rahmaaâ™¡,kecewa
hadehhhhğŸ™ˆ,kecewa
"@forhaeğŸ¦©: awalnya dr sg Angie temennya nurul ini. dia bikin sg barcode photobox ultah Nurul. trs ada fans arhan yg scan, eh ternyata ada nyelip 1 foto nurul sama nadif ini. terus ga lama d hapus Angie dan d buat sg ulang yg ga ada foto nurul sama nadifnya di tahun 2024",kecewa
DowngradeğŸ˜­,sedih
Anyaa gwwğŸ˜­,benci
om om lgğŸ¤ğŸ˜­,kecewa
Masyaallah mending geulis mah lu nurulğŸ˜,kecewa
dif dif yaalah modern begini,sedih
jauh bgt njir jatohnya,benci
Muka tdk seberapa plis gk mau ngomong tpi hati ini bsuk bngetğŸ˜­,benci
Noh dhif lg diketawain anyağŸ¤£,senang
Buah yang dipanen hari ini bukan dari pohon yg ditanam kemarin sore. ğŸ¤£,kecewa
Ada gak sih laki2 yg gak doyan dia ğŸ¤£ kek nya laki2 suka modelan cewek kekgini dehhh,senang
arhan Kamu hebat,senang
fotbar nurul nadif tu liat nya di ig nya siapaaa?,kecewa
cwe anj,benci
kirain si Nadif ini cowok berkelas,kecewa
NADHIF NJIRRRR WKWKWKWKğŸ˜­ğŸ˜­ğŸ˜­ğŸ˜­ğŸ˜­ğŸ˜­,kecewa
nih si creator dukung zize kah? lucu ketikannya wkwk,senang
udah dong jangan sangkut pautin lagi sama Arhan.,kecewa
gak salaj arhan cerein dia ada sebap nya ternyata,kecewa
Dia tu hyper,kecewa
dari anya ke anyeng anyengan,kecewa
Semua orang tau dia bocah pemainğŸ˜Œ entah main gundu atau bonekağŸ˜ŒğŸ˜Œ,sedih
Gak habis pikir,kecewa
hyperğŸ¤£,senang
"sarkas itu bro, capt nya uda mewakili kok",kecewa
amit amitt,benci
Dari anya jauh banget turun nyağŸ˜Œ,kecewa
"yaudahlah cocok wkwkwk, anya bisa dapet yg di atas opet itu",senang
Umik tolong anaknya di ingetin ya,kecewa
from anya to anyep,kecewa
kasian ga si arhoğŸ¥º,sedih
Duhhh kasian pas arhan nikah sama si anak umi dan abi udh dapat bekas,benci
sementara umi nya sibuk nyari quotesğŸ˜­ğŸ˜­,kecewa
Downgrade ğŸ˜­,sedih
katakan muakkkkkk,marah
keknya Mala dia lega gtu gak si pisah sma arhanğŸ˜­,sedih
dari anya ke jijahğŸ˜­ğŸ˜­ğŸ˜­ğŸ˜­ya Allah ya robbyğŸ˜‚ğŸ˜‚ğŸ˜‚ğŸ˜‚ğŸ˜‚ğŸ˜‚aku mau ketawa opo mau nngis ini ya ampunnğŸ˜‚ğŸ˜‚,senang
balikin followers dia kaya dulu,kecewa
buset segampang itu ka punya baru lagiğŸ˜­,kecewa
duh flash sale bgt niğŸ˜­,kecewa
Etdahh bner2 tu orngğŸ˜­,kecewa
gedeugggg bgtğŸ˜­ğŸ˜­ğŸ˜­ğŸ˜­,marah
Bgtttt amit2 yaa,benci
"anya kan udh sm tora lama, anak pemilik sinarmas",kecewa
Kok laki nya mauğŸ—¿,benci
sewajarnya aja nurul,kecewa
"gw ketinggalan deh, knpa putus sm anya?",kecewa
Si nurulll ihhh ğŸ˜­,kecewa
fix si nurul ini udah selengkih waktu masih sama arhan.,kecewa
foto dri mana si ini,kecewa
Azizah Mahatir ğŸ˜­,kecewa
hahaha,senang
jauh banget dari anya ke nurulğŸ˜­ğŸ˜­,kecewa
INGET IDAH JAH,benci
anjjj nurul,benci
kalok dia b aja lantas yang komen apa ??,marah
dulu heboh Salim skrg Nadhif?,kecewa
perbandingan yang sangat jauhhh sekali ya bundğŸ˜³,kecewa
turun standar,kecewa
kasian si Andre,sedih
"kalian tolong wakilin deh, aku nyimak ajağŸ˜­",kecewa
namanya juga bahan,kecewa
Keciduk,senang
ra ilok jijah,benci
From A to Z,kecewa
umum umumğŸ¤£ğŸ¤£,benci
Berat banget tanggungan org tuanya kelakğŸ˜‚,kecewa
aduhh anak umi abi,benci
dih,benci
"Shela ke Anya :
member baru ?",kecewa
husmmm,kecewa
laris manis yah lapaknya,benci
APA ITU MASA IDAAH ğŸ˜‚ğŸ¤£,kecewa
apa tukeran aja ya,kecewa
eh woi beda banget dari waw ke wiwğŸ˜­,kecewa
ku kira suaminya kiki saputra,kecewa
,
selingkuhan lebih penting,marah
seolah-olah dia nunjukin klo dia banyak yg antriğŸ˜,marah
satria Mahatir versi cwe,kecewa
lucu bgt si nurulğŸ˜­,senang
ratu hyper ğŸ˜­,benci
From Anya to Anyang AnyangenğŸ¥µ,benci
GK trauma yah klo org gagah berani nyah cwe/cwo yah,kecewa
bnyak kok yg nikah nya bocah tapi gk kayak dia,kecewa
Ini tentang dia bukan tentang orang lain,kecewa
Gua bocah jg GATHEL KE SUAMI SENDIRI TUH SE ENAK ITU ANJRRRRRRğŸ˜­,benci
"teman gue byk yg umur dibawah nurul nikah tapi baek2 aj, bukan masalah umur emang si nurul aja wc umum ğŸ˜‚",benci
arhan juga mau aja ama ni cewekğŸ˜‚,benci
team yang gak pernah follow Nurul di sosmed dia manapun ğŸ¤£gw tau dia aja dari dia nikah sama arhan kalo bukan sama arhan sama dia bukan pernah temenan sama Fuji gak tau dia hidup didunia ini,benci
ketolong jabatan bapaknya si jd petantang petenteng gitu,benci
anya ketawa besar ğŸ˜Œ,senang
Yg penting udahğŸ˜…,senang
wkwk biarkan waktu yg membuka dirinya sndri,senang
kalau gua mending cari tahu dulu jgan apa2 beramsumsi yg enggak2,marah
sintiiing,marah
nurul blunder teroos,benci
mungkin dia kelilipan woyy ğŸ˜­,kecewa
nadif dr pulen ke pera anjir,benci
jadi kepikiran jangan2 belum dicoblos arhanğŸ˜ğŸ˜,kecewa
"suami selalu disumputin, sedangkan cwo yang baruu kenal langsung di uppp Zzzz",kecewa
turun spek,benci
"Kalo lu pada ga ngejalanin hidup kek mereka, mending diem. Yg tau2 aja pasti paham. Mau red flag mau green flag, semua ada pasarnya.",marah
Bukan sebulan lagi seminggu ğŸ˜‚,kecewa
Hyper njirrr,benci
B aja keduanya,kecewa
Friendly abizzz,senang
Nadhif ini carinya yg NurulÂ²,kecewa
Wht??dh ceraiğŸ˜­,sedih
Kartu ATM,marah
"SEMUA DIPUNGUT MANTAN"" SELEBGRAM JIR",benci
bjirr hyperğŸ¤£,benci
ğŸ˜‚ğŸ˜‚ğŸ˜‚ tepok jidat sama kelakuan Nurul,kecewa
kalo anak dikasih makan dr uang har*m bapaknya ğŸ˜®â€ğŸ’¨,benci
aduh udh bener sama anya ini malah milih nurulğŸ˜­,kecewa
"dapet dari manaa sii, liat pertama nya dr manaaaa",kecewa
ntar juga ganti lagi,kecewa
pantes cengar cengir pas di wawancara ternyata udah ada gantinya,kecewa
gaada idah idahan si jijah mah gas ae,benci
beda jauh sama arhan,kecewa
wkwkkwkw,senang
baru beberapa hari jir cerai udah dapet lagi ege,benci
flash sale jg niiiğŸ¤ª,benci
Lololo ga bahaya ta,kecewa
arhan : belum ada satu bulannn~~~,kecewa
Belom habes masa iddah udah nikah lain aja,kecewa
blm ada 2minggu jirğŸ˜­,benci
@hiiiiiiida2701:dari anya ke anyirğŸ˜­,benci
Dia cari yg bagaimana sih,kecewa
malah milih bocil berjanda anying,benci
ğŸ˜­ğŸ˜­,kecewa
@fafifuğŸª·,kecewa
masih juga cantikan gua zah,benci
mending jenifer kl gini,kecewa
umii abii,kecewa
bisa dikatain fomo final boss gak?,benci
Barang trifting emng gk kaget,benci
